<?xml version="1.0" encoding="UTF-8"?>
<metadata xml:lang="en"><Esri><CreaDate>20210629</CreaDate><CreaTime>14184200</CreaTime><ArcGISFormat>1.0</ArcGISFormat><SyncOnce>TRUE</SyncOnce><DataProperties><lineage><Process ToolSource="c:\program files\arcgis\pro\Resources\ArcToolbox\toolboxes\Conversion Tools.tbx\FeatureClassToFeatureClass" Date="20210629" Time="141842">FeatureClassToFeatureClass AMS_Segments_Final "O:\DGK\IRAS\EEPI\Projects\AirView\- Netherlands\Sharing\Shapefiles" AMS_MixedModels_25May2021.shp # "ROAD_FID "ROAD_FID" true true false 8 Double 0 0,First,#,AMS_Segments_Final,AMS_Segments_Final_ETRS.ROAD_FID,-1,-1;Shape_Length "Shape_Length" false true true 8 Double 0 0,First,#,AMS_Segments_Final,AMS_Segments_Final_ETRS.Shape_Length,-1,-1;Field1 "Field1" true true false 4 Long 0 0,First,#,AMS_Segments_Final,MixedModels_All_25May2021b.csv.Field1,-1,-1;ROAD_FID_1 "ROAD_FID" true true false 4 Long 0 0,First,#,AMS_Segments_Final,MixedModels_All_25May2021b.csv.ROAD_FID,-1,-1;Mixed_NO2 "Mixed_NO2" true true false 4 Long 0 0,First,#,AMS_Segments_Final,MixedModels_All_25May2021b.csv.Mixed_NO2,-1,-1;Mixed_UFP "Mixed_UFP" true true false 4 Long 0 0,First,#,AMS_Segments_Final,MixedModels_All_25May2021b.csv.Mixed_UFP,-1,-1;Mixed_BC "Mixed_BC" true true false 8 Double 0 0,First,#,AMS_Segments_Final,MixedModels_All_25May2021b.csv.Mixed_BC,-1,-1" #</Process><Process ToolSource="c:\program files\arcgis\pro\Resources\ArcToolbox\toolboxes\Data Management Tools.tbx\DeleteField" Date="20210629" Time="141909">DeleteField AMS_MixedModels_25May2021 ROAD_FID_1</Process><Process ToolSource="c:\program files\arcgis\pro\Resources\ArcToolbox\toolboxes\Data Management Tools.tbx\DeleteField" Date="20210629" Time="141917">DeleteField AMS_MixedModels_25May2021 Field1</Process><Process ToolSource="c:\program files\arcgis\pro\Resources\ArcToolbox\toolboxes\Data Management Tools.tbx\DeleteField" Date="20210629" Time="141928">DeleteField AMS_MixedModels_25May2021 Shape_Leng</Process><Process ToolSource="c:\program files\arcgis\pro\Resources\ArcToolbox\toolboxes\Data Management Tools.tbx\DeleteField" Date="20210629" Time="141938">DeleteField AMS_MixedModels_25May2021 ROAD_FID</Process><Process ToolSource="c:\program files\arcgis\pro\Resources\ArcToolbox\toolboxes\Data Management Tools.tbx\DeleteRows" Date="20210629" Time="142126">DeleteRows AMS_MixedModels_25May2021</Process></lineage></DataProperties></Esri></metadata>
